,title
0,"LPT: Texans, you are about to experience the worst potholes many of you have ever seen. Make sure your tire pressure is correct for your vehicles, drive slowly, give plenty of distance between your vehicle and the one in front of you, and don't trust puddles. Love from Michigan."
1,"LPT: If you want a smarter kid, teach your child to read as early as possible and instill in them a love for books. Because as soon as they can read, they can teach themselves. And that will be a life-long advantage over their peers who don't have that same ability."
2,"LPT: When you sign up for anything online, put the website’s name as your middle name. That way when you receive spam/advert emails, you will know who sold your info."
3,LPT: Always tell a child who is wearing a helmet how cool you think their helmet is. It will encourage them to always wear it in the future.
4,"LPT: Don't be fooled by the ""working for a dream company"" ideology. You'll be much better off with an amazing boss at an average company who champions your work, allows you to develop mastery in your field, and gives you autonomy."
5,LPT: Your company didn’t know you existed before you applied and won’t notice you when you’re gone. Take care of yourself.
6,"LPT: Just because you did something wrong in the past, doesn’t mean you can’t advocate against it now. It doesn’t make you a hypocrite. You grew. Don’t let people use your past to invalidate your current mindset. Growth is a concept. Embrace it."
7,"LPT: When you don't have all the facts, try to give people the most generous reason you can for their behaviour. Annoyingly slow driver? Maybe it's a mom with a birthday cake in the back. This mindset will gradually make you less reactive, more compassionate and more forgiving of your own bad days."
8,"LPT: Anytime you think about contacting an ex or old crush, rub one out first"
9,"LPT: Do not try to be the man your father would want you to be. Be the man you would like your son to be be. It more clearly defines your own convictions, desires, goals, and motivates you to be your best."
10,"LPT: if a friend or a family member gets diagnosed with dementia or alzheimer, in the early stages try to find out what their favorite songs of all time are. In this way you would be able to create a playlist for them that could be of great benefit in the later stages of the disease."
11,"LPT: if your LPT is about fucking coconuts, it will be removed and you will be banned."
12,LPT: don't use your child's embarrassing stories as dinner party talk. They are your child's personal memories and humiliating them for a laugh isn't cool.
13,"LPT: Gym closed and won't respond to your emails asking to suspended your gym membership? Call the bank and order a 1 year stop payment to them, most banks are currently waiving the fee for this. Also, fuck Anytime Fitness."
14,LPT: in college it is much better to be friends with the people who have the party house than it is to live at the party house.
15,"LPT: When a friend is upset, ask them one simple question before saying anything else: 'Do you want to talk about it or do you want to be distracted from it?'"
16,"LPT: If you like one song by an artist, but don't dig the rest of their stuff. find out who the producer is and see what other work they've done. The producer can play a big role in how the final song turns out."
17,"LPT: After a bad break up, do 10 things that your ex would never do with you. You'll feel better and realize how much of yourself was being held back."
18,"LPT: If someone slights/insults you publicly during a meeting, pretend like you didn't hear them the first time and politely ask them to repeat themself. They'll either double-down & repeat the insult again, making them look rude & unprofessional. Or they'll realize their mistake & apologize to you."
19,"LPT: Pay Attention to the smell of your home when you come back from a trip - that's what it smells like to guests all the time, you just get used to it."
20,LPT If you ever forget your WiFi password or you want to get your school WiFi password etc. Just type this command into the command line of a computer already connected to that WiFi: netsh wlan show profile WiFi-name key=clear
21,"LPT: installing a lift-kit? For the love of god, adjust the headlights. Your lifted truck no longer has low-beams; it’s now either high beams or higher beams and you are blinding everyone."
22,"LPT: For people starting a new job. If a task typically takes someone ~3.5 hours and you can get it done in 1 hour, don't turn your task in right away - wait about an hour. If your manager(s) discover how productive you really are, they will quickly overwork you without proper compensation."
23,"LPT: No matter how much your workplace pushes ""team building"" and ""family culture"" - remember, they're not your friends and it's still a workplace."
24,"LPT: a marriage proposal should NOT come as a big surprise, despite what you may have seen in the movies. The topic of marriage should be thoroughly discussed well before you propose."
25,"LPT: Many problems in marriage are really just problems with being a bad roommate. Learn how to be a good roommate, and it will solve many of the main issues that plague marriages. This includes communicating about something bothering you before you get too angry to communicate properly."
26,"LPT: ""Instead of feeling that you've blown the day and thinking, ""I'll get back on track tomorrow,"" try thinking of each day as a set of four quarters: morning, midday, afternoon, evening. If you blow one quarter, you get back on track for the next quarter. Fail small, not big."" - Gretchen Rubin"
27,"LPT: for those of you going to college for the first time this month: GO TO CLASS! No matter how hungover, tired, or busy you may be, being present is the most important factor in succeeding in your first year as you adjust to living independently. Missing class is a slippery slope to failing out."
28,"LPT: Strict parents can turn their kids into more effective liars because children who are afraid to tell the truth learn more deceptive behaviors to avoid getting in trouble. Set reasonable rules and expectations for your child, Reward positive behavior and Accept mistakes as a chance for learning."
29,LPT: Always be prepared to leave your employer because they are prepared to leave you
30,"LPT: When someone gets interrupted while telling a story, invite them to continue after the interruption is over with an, “as you were saying about (x)” or something similar. It can be uncomfortable for the person to start back up and this makes them feel like you valued their words."
31,LPT: Don’t bother giving more than a two week notice.
32,"LPT: Ask yourself ""what does it matter to me"" the next time you find yourself judging someone for their clothing, interests or hobbies. The more you train yourself to not care about the personal preferences of other people, the more relaxed and nicer you become as a person."
33,"LPT: X percent of Y is equal to Y percent of X. So, if you want to find out what 7% of 50 is, you could instead find out what 50% of 7 is, which is 3.5. This means that 7% of 50 is also equal to 3.5."
34,"LPT: if you’re stuck on an annoying call, put your phone on airplane mode instead of just hanging up. The other person will see “call failed” instead of “call ended”."
35,"LPT : If you are asked to create an account in order to continue browsing a website, hit F12 and click on the dim area, this would select it and you can delete it with DEL key, hit F12 again and resume your browsing."
36,"LPT: If you're trying to explain net neutrality to someone who doesn't understand, compare it to the possibility of the phone company charging you more for calling certain family members or businesses."
37,"LPT: It is important to know when to stop arguing with people, and simply let them be wrong."
38,LPT: wear a helmet. I know many kids and adults think they’re stupid. Be really smart and look stupid in helmets. Brain damage is no joke.
39,LPT: Keep inviting that friend who always says no
40,LPT: Put a mirror behind you at the counter or at your desk. This way angry customers who approach you will have to see themselves in the mirror behind you and the chances of them behaving irrationally lowers significantly. No one wants to see themselves act like a dickhead.
41,LPT: Know you're about to get fired? Then for heaven's sake don't throw your resignation in first in one last show of defiance. The meeting where they let you go is your chance to extract a great severance package and positive references. Employers want a clean departure—don't make their life easy.
42,LPT: Birds can give you a lot of useful information just by listening to them.
43,"LPT: If you liked a song by an artist but did not find the other tracks by the artist to your liking, look up the producer and see his other works. Producers have a lot of say in how the final product turns out."
44,"LPT: Roast yo’ broccoli. Broccoli is a cheap, ubiquitous vegetable that too often is steamed or boiled to death, sapping nutrients and flavor. Toss with olive oil and salt and roast at 400."
45,LPT: If you’re around 12-15 listen to as much music as you can cause the music you listen to during those years will stick with you for life and the feeling of going back to those songs when you’re older is quite euphoric.
46,"LPT: if a loved one is taken in an ambulance, do not follow us to the hospital. Go there on your own time and own route."
47,"LPT: Be careful who you vent to in work. Just because they listen, it doesn't mean that they're your friend or have your best interests at heart."
48,"LPT: After a bad break up, do 10 things that your ex would never do with you. You'll feel better and realize how much of yourself was being held back."
49,"LPT: If you roommate ever cooks a meal and lets you eat it with them, do all of the dishes unprompted. It's polite, shows respect for the work your roommate put into it, saves them the hassle, and makes them far more likely to do so again in the future. Cooking for them later would be a good idea."
50,LPT: Remove all dealer decals from the back of your car. Its your vehicle now and they are using you for free advertising.
51,"LPT: if you tell someone a secret they are almost definitely going to tell their spouse, even if you promise them to secrecy."
52,"LPT: From here on out, make ""What was your company's COVID response?"" a standard interview question."
53,"LPT: when someone asks you what you want to do, if you don't care then say ""doesn't matter to me I'm just here to hang out with you"" instead of ""I don't care"""
54,LPT: If you have illegal drugs in your system and find yourself in the hospital PLEASE be honest and disclose exactly what you've taken or what you believe you've taken. Care providers are not the police; the quality of your outcome might depend on such information.
55,LPT: Yelp replaces restaurant phone numbers with a special number that charges that business a marketing fee. If you find a good restaurant on Yelp Google their phone number instead so they don't lose any money.
56,"LPT: Go to your Reddit inbox, click the three dots on top and select ""Mark all as read"" to remove that annoying number at the bottom."
57,"LPT: When using google, add “-Pinterest” (sans quotes) to your query to avoid receiving hundreds of useless Pinterest results."
58,"LPT: Today, the third Monday in January, is generally known as the most depressing day of the year. It’s been dark and cold for and New Years resolutions have likely failed. Be extra nice to everyone today, give a smile :) you never know what people are going through. Cheers!"
59,"LPT If a bee colony has set up a hive that you need removed, don't call the exterminator. Beekeepers will relocate the hive often for free. This is an easy way to be nice to the bees and to your wallet :)"
60,"LPT: If you see a U-Haul truck on the road, assume the driver does not have experience driving large vehicles. Be sure to give them plenty of space and stay out of blind spots."
61,LPT: Don’t wait around for others. Make your own plans and stick to them. Don’t be the person who never gets out just because nobody else can go with you.
62,"LPT: If you own a Samsung smart TV that has ads, you can block them by adding ads.samsung.com to your block list on your internet router"
63,"LPT If you are a very talkative person, get in the habit of questioning what you gain by sharing information with the people you talk to. Sometimes knowing when not to talk is just as important as knowing what to say."
64,"LPT: I Have been homeless, there is one tip i can give you if you ever get homeless ""Dont hang around with other homeless people!"""
65,LPT: There is nothing tacky or wrong about discussing your salary with coworkers. It is a federally protected action and the only thing that can stop discrepancies in pay. Do not let your boss convince you otherwise.
66,LPT: Librarians aren't just random people who work at libraries they are professional researchers there to help you find a place to start researching on any topic.
67,"LPT: Before you get married, have in-depth, planning discussions around: kids, money, housing, vacations, current debt, retirement, day to day expectations, pets, in-laws, transportation, and careers...don't assume anything. Ask the questions, ensure you are on the same page."
68,LPT: Dogs have a lot of nerves in their ears so when you rub them behind their ears it releases endorphins and makes them very relaxed on a natural high.
69,"LPT: If you want to learn a new language, figure out the 100 most frequently used words and start with them. Those words make up about 50% of everyday speech, and should be a very solid basis."
70,LPT: Billionaires like to rewrite their origin story to amplify their achievements against a backdrop of adversity that didn't really exist. Take their life advice with a pinch of salt: it probably won't work for you.
71,"LPT: if you need somewhere to work/relax with friendly staff, nice AC, plenty of seating, free WiFi, and available all across the US, you’re in luck! There are more public libraries in the US than there are Starbucks or McDonalds! And you’re under no obligation to buy anything to sit there"
72,"LPT: It is safer to protest in front of the National Guard than the police, as the National Guard has to follow rules of engagement unlike the police."
73,"LPT: if you're looking for a job, mention it to everybody that you come in contact with. You never know whose sister's neighbor's uncle is hiring."
74,"LPT: Telling someone that a movie/book has a great twist is, in itself, a major spoiler. Don’t do that."
75,"LPT: If you offer someone an alcoholic drink and they say no, immediately tell them what non-alcoholic drinks you have. With no judgment. They don't owe you any explanation of recovery, medical contraindications, or whether or not they just don't feel like it that day."
76,"LPT: If your boss or HR tells you that you need to quit or you will be fired, don't quit. Let them fire you."
77,"LPT- You may not like being in pictures or taking them, but you will hate that you have no photos of some time period when you’re older. Take pictures even if it is out of your comfort zone occasionally, for your future self."
78,"LPT: find someone's locked phone? Turn it in to their carrier. They will locate the owner by serial number. This LPT makes you a bro and returns the phone the fastest way to its owner who really just wants the photos. (Talking to you who found my phone in White Mountains, California last weekend)"
79,"LPT: If you're making a gif/video, and you have the opportunity to put subtitles on it, please do. Many of us are hard of hearing or are browsing reddit at night and can't have sound on. You might even get more karma because it'll be accessible to a larger audience!"
80,"LPT: Loyalty to your company only rewards the company. Hopping companies is the best way to increase your salary, don't sit there hoping for a raise. Apply to other jobs, get a better offer and use it to leverage a raise or take the offer."
81,"LPT: Keep a separate master resume with ALL previous work experience. When sending out a resume for application, duplicate the file and remove anything that may be irrelevant to the position. You never know when some past experience might become relevant again, and you don’t want to forget about it."
82,"LPT: Anytime you feel bad about not reaching out to a friend in a long time, just remember that they also havnt reached out in an equal amount of time."
83,LPT: Getting angry with people for making mistakes dosnt teach them not to make mistakes it teaches the to hide their mistakes
84,LPT: think of everything you do as progress. Sent someone a meme? You progressed your relationship. Drew a doodle? You progressed your art skill. Took a bath? You progressed your mental health. Life is a bank and any time you do anything that brings you joy you’re earning.
85,"LPT: Greyhound racing is now illegal in Florida after the midterm, which will leave a lot of good dogs in need of homes. If you're considering adopting a dog, please research Greyhounds and see if they'd be right for your family."
86,"LPT: If your friend owns a business, don't ask for a friend discount or for some free products, a great friend is one that pays full price to support their friend"
87,"LPT: Before ending a serious relationship, change 100% of all of your Passwords and remove your account info / auto login on ALL devices"
88,LPT: Every gun is always loaded at all times and can discharge for no reason at all.
89,"LPT: If you are given a prepaid debit card as a gift, save it after you spend the money. You can use it to sign up for free trials online without worry of being scammed."
90,"LPT: Take that break. Working around the clock isn't a badge of honor. You're going to burn yourself out. You may think you're too busy and you don't have the time for a break, but even 10 minutes makes a big difference. You need to take care of yourself and that includes taking a break."
91,"LPT - If you offer someone a vice of some kind (alcohol, cookies, et al) over the holidays and they say no, drop it. The holiday season is the most difficult time of year for addicts."
92,"LPT: If you can smell yourself a little bit, others can smell you a lot."
93,LPT: What to do if it's too late to evacuate from wildfires.
94,"Lpt: To all young teenagers looking for their first job, do not have your parents speak or apply for you. There's a certain respect seeing a kid get a job for themselves."
95,LPT: It only takes about 2-3 weeks of clicking unsubscribe on every single marketing email you receive to change your inbox (and your life) forever
96,"LPT: Don't answer those social media posts like, ""Your first car, first street you lived on and first dog is your rock star name"" Countless people are sharing these and answering them without realizing it is security questions 101 for all of your online banking and many other security measures."
97,"LPT: Be careful when badmouthing and gossiping about colleagues at work, because colleagues are not friends and walls have ears."
98,"LPT - When sharing your opinion on subjective topics, music, movies, food, etc. There is no need to be hostile. The music doesn't suck, you just don't like it. The pizza topping isn't horrible, you just don't like it. People's opinions of you won't decline if you're just sharing your likes/dislikes"
